time,velocity,altitude,velocity_y,velocity_x,acceleration,downrange_distance,angle,q,thrust,mass
0,0.277,0,-0.155,0,10.71,0,90,0.04699648,7607000,549000
1,1.913,0.001,2.292,0,11.309,0,90,2.242233043,7607000,546250
2,3.241,0.004,4.738,0,11.983,0,90,6.432509043,7607000,543500
3,6.529,0.009,7.487,0,12.741,0,90,26.08868708,7607000,540750
4,10.555,0.017,10.835,0,13.364,0,90,68.12541854,7607000,538000
5,14.354,0.03,14.597,0,13.753,0,90,125.8425765,7607000,535250
6,18.521,0.046,18.628,0,13.902,0,90,209.1812381,7607000,532500
7,22.777,0.067,22.77,0,13.993,0,90,315.7317457,7607000,529750
8,26.809,0.091,27.01,0,14.064,0,90,436.36885,7607000,527000
9,31.205,0.12,31.319,0,14.124,0,90,589.5636949,7607000,524250
10,35.555,0.154,35.686,0,14.176,0,90,762.9264355,7607000,521500
11,40.277,0.192,40.133,0,14.217,0,90,975.457815,7607000,518750
12,44.444,0.234,44.654,0,14.279,0,90,1182.894086,7607000,516000
13,48.888,0.281,49.24,0,14.362,0,90,1424.843258,7607000,513250
14,54.166,0.332,53.907,0,14.496,0,90,1740.414863,7607000,510500
15,58.333,0.389,58.685,0,14.656,0,90,2007.536345,7607000,507750
16,63.333,0.449,63.555,0,14.841,0,90,2352.525692,7607000,505000
17,68.611,0.515,68.518,0,14.995,0,90,2743.347936,7607000,502250
18,73.333,0.586,73.574,0,15.087,0,90,3112.404237,7607000,499500
19,78.611,0.662,78.731,0,15.118,0,90,3550.184746,7607000,496750
20,83.888,0.744,83.954,0,15.118,0,90,4010.900043,7607000,494000
21,89.166,0.83,89.232,0,15.118,0,90,4493.326003,7607000,491250
22,94.585,0.922,94.556,0,15.134,0,90,5010.803059,7607000,488500
23,99.863,1.019,99.936,0,15.164,0,90,5532.578699,7607000,485750
24,105.277,1.122,105.4,0,15.21,0,90,6086.979747,7607000,483000
25,110.559,1.23,110.955,0,15.287,0,90,6642.065733,7607000,480250
26,116.529,1.343,116.585,-0.146,15.394,0,90,7296.361185,7607000,477500
27,122.5,1.463,122.335,-0.317,15.548,0,90,7968.261864,7607000,474750
28,127.918,1.588,128.186,-0.485,15.671,-0.001,90,8581.224333,7607000,472000
29,133.752,1.719,134.121,-0.465,15.777,-0.001,90,9260.125537,7607000,469250
30,140.277,1.856,140.139,-0.434,15.87,-0.002,90,10047.06117,7607000,466500
31,146.111,1.999,146.287,-0.178,16.008,-0.002,90,10744.60135,7607000,463750
32,152.222,2.148,152.555,0.573,16.162,-0.002,89.732,11488.27637,7607000,461000
33,158.888,2.304,158.916,2.098,16.284,0,89.302,12321.22025,7607000,458250
34,165.277,2.466,165.361,4.431,16.359,0.003,88.872,13114.57983,7607000,455500
35,171.805,2.634,171.937,7.683,16.401,0.009,88.165,13929.80955,7607000,452750
36,178.472,2.809,178.222,12.152,16.44,0.019,87.116,14765.01676,7607000,450000
37,185,2.991,184.461,17.921,16.519,0.034,85.991,15571.46826,7607000,447250
38,192.5,3.18,190.831,24.671,16.638,0.055,84.665,16534.42856,7607000,444500
39,199.722,3.375,197.201,31.911,16.796,0.083,83.08,17442.12432,7607000,441750
40,206.388,3.577,203.051,39.098,16.886,0.119,81.565,18238.69701,7607000,439000
41,213.611,3.789,208.55,46.049,16.88,0.162,80.26,19107.74957,7607000,436250
42,221.111,4,213.74,52.344,16.782,0.211,79.004,20023.40916,7607000,433500
43,228.888,4.217,218.841,57.733,16.626,0.266,78.084,20970.80246,7607000,430750
44,235.555,4.443,224.939,61.827,16.441,0.326,77.346,21681.84629,7607000,428000
45,242.5,4.669,231.785,64.831,16.228,0.389,76.562,22430.57157,7607000,425250
46,248.888,4.9,239.114,66.869,15.911,0.455,75.95,23046.83763,7607000,422500
47,255.277,5.167,246.058,68.136,15.466,0.522,75.683,23555.17724,7607000,419750
48,260.418,5.42,252.461,68.751,14.891,0.591,75.683,23847.21221,7607000,417000
49,265,5.675,257.346,69.133,14.427,0.66,75.683,24011.06591,7607000,414250
50,269.444,5.93,261.72,69.691,14.164,0.729,75.683,24132.55791,7607000,411500
51,273.888,6.196,265.577,70.365,14.103,0.799,75.777,24210.45735,7607000,408750
52,278.333,6.475,269.729,70.911,14.12,0.87,75.777,24232.38644,7607000,406000
53,283.055,6.741,273.787,71.249,14.151,0.941,75.777,24320.62781,7607000,403250
54,287.777,7.023,278.225,71.626,14.208,1.012,75.777,24346.67426,7607000,400500
55,292.363,7.3,282.618,72.504,14.275,1.084,75.529,24343.24096,7607000,397750
56,297.222,7.59,287.796,74.212,14.353,1.158,75.206,24330.94789,7607000,395000
57,302.222,7.88,293.014,76.931,14.429,1.233,74.843,24322.77039,7607000,392250
58,307.363,8.18,298.047,80.484,14.487,1.312,74.432,24287.86061,7607000,389500
59,312.363,8.487,301.994,84.589,14.545,1.394,74.011,24191.83038,7607000,386750
60,317.5,8.8,305.311,88.949,14.589,1.481,73.663,24076.47763,7607000,384000
61,322.777,9.1,308.179,93.43,14.633,1.572,73.341,24001.50028,7607000,381250
62,328.333,9.41,311.412,98.046,14.673,1.668,72.963,23917.84183,7607000,378500
63,333.611,9.72,315.605,102.828,14.755,1.769,72.449,23773.9917,7607000,375750
64,338.888,10.039,320.891,107.635,14.941,1.874,71.865,23584.27636,7607000,373000
65,344.722,10.373,327.036,112.043,15.22,1.984,71.282,23408.83471,7607000,370250
66,351.111,10.7,332.838,115.835,15.662,2.098,70.833,23303.08629,7607000,367500
67,357.777,11.05,338.595,119.009,16.207,2.215,70.762,23143.19741,7607000,364750
68,365.555,11.383,344.816,121.821,16.853,2.335,70.762,23147.19776,7607000,362000
69,374.166,11.738,351.379,124.416,17.374,2.459,70.752,23159.96225,7607000,359250
70,382.504,12.088,358.216,126.813,17.71,2.584,70.656,23116.80168,7607000,356500
71,391.393,12.463,367.021,129.071,17.861,2.712,70.656,23027.74185,7607000,353750
72,400,12.836,376.648,131.257,17.983,2.842,70.656,22875.93655,7607000,351000
73,408.611,13.207,387.063,133.584,18.166,2.975,70.647,22696.13604,7607000,348250
74,418.055,13.625,397.122,136.213,18.408,3.11,70.555,22429.09269,7607000,345500
75,427.222,14.025,406.35,139.46,18.649,3.247,70.463,22152.1621,7607000,342750
76,436.944,14.45,414.252,143.701,18.857,3.389,70.39,21820.68339,7607000,340000
77,446.666,14.865,422.166,149.28,19.001,3.536,70.228,21486.31386,7607000,337250
78,456.666,15.293,428.862,156.136,19.137,3.688,69.957,21102.07084,7607000,334500
79,466.666,15.722,436.518,163.895,19.237,3.848,69.528,20684.5283,7607000,331750
80,476.944,16.179,444.851,171.933,19.365,4.016,69.114,20174.356,7607000,329000
81,487.5,16.622,453.124,179.637,19.464,4.192,68.699,19701.6869,7607000,326250
82,497.777,17.1,460.75,186.537,19.596,4.375,68.382,19073.87903,7607000,323500
83,508.333,17.55,469.052,192.461,19.731,4.565,68.088,18529.63182,7607000,320750
84,519.722,18.034,478.106,197.614,19.929,4.76,67.88,17924.13528,7607000,318000
85,530.833,18.517,489.227,202.438,20.19,4.96,67.613,17278.76731,7607000,315250
86,541.666,19.007,501.403,207.326,20.48,5.164,67.366,16581.30707,7607000,312500
87,553.611,19.534,513.238,212.66,20.739,5.374,67.084,15839.87213,7607000,309750
88,565.555,20.07,523.705,218.808,20.873,5.59,66.825,15060.40902,7607000,307000
89,577.5,20.6,532.585,226.146,20.976,5.813,66.527,14295.28653,7607000,304250
90,589.444,21.134,540.88,234.882,21.075,6.043,66.214,13519.08857,7607000,301500
91,601.944,21.684,549.968,245.07,21.262,6.283,65.816,12729.86859,7607000,298750
92,614.444,22.23,558.865,256.39,21.445,6.534,65.369,11953.85716,7607000,296000
93,627.5,22.81,567.338,268.439,21.655,6.796,64.86,11133.11203,7607000,293250
94,640.833,23.41,575.179,280.409,21.832,7.071,64.334,10294.74278,7607000,290500
95,653.611,23.975,583.116,291.906,22.009,7.357,63.834,9531.23014,7607000,287750
96,666.944,24.55,593.429,302.759,22.127,7.654,63.382,8785.394992,7607000,285000
97,680.555,25.15,603.85,313.107,22.246,7.962,62.94,8023.751898,7607000,282250
98,694.722,25.77,614.753,322.799,22.366,8.28,62.513,7269.521044,7607000,279500
99,708.888,26.43,626.176,331.82,22.522,8.607,62.156,6488.27747,7607000,276750
100,722.777,27.07,636.884,340.477,22.711,8.944,61.878,5776.663686,7607000,274000
101,736.111,27.67,648.522,349.605,22.931,9.289,61.581,5154.20532,7607000,271250
102,751.666,28.325,659.845,359.835,23.208,9.643,61.202,4531.188136,7607000,268500
103,766.666,29.025,671.154,371.494,23.48,10.009,60.775,3896.894667,7607000,265750
104,781.388,29.725,683.03,384.667,23.748,10.387,60.315,3316.756533,7607000,263000
105,796.666,30.39,694.184,399.092,23.983,10.779,59.823,2827.557623,7607000,260250
106,812.777,31.09,700.746,414.297,24.188,11.186,59.328,2363.643279,7607000,257500
107,828.888,31.83,707.954,429.537,24.366,11.608,58.918,1924.488552,7607000,254750
108,845.555,32.55,716.305,444.225,24.518,12.044,58.579,1555.959363,7607000,252000
109,861.388,33.25,725.654,457.987,24.672,12.496,58.27,1244.19928,7607000,249250
110,878.888,33.95,737.293,470.793,24.885,12.96,57.906,981.1745192,7607000,246500
111,895.277,34.75,749.675,482.866,25.125,13.437,57.501,723.7114921,7607000,243750
112,911.944,35.49,766.661,494.729,25.425,13.926,57.087,533.3200335,7607000,241000
113,930,36.25,783.008,507.034,25.665,14.426,56.709,378.3592597,7607000,238250
114,947.777,37.084,797.482,520.397,25.905,14.94,56.317,247.1796156,7607000,235500
115,966.111,37.917,809.118,535.191,26.085,15.468,55.958,152.7427397,7607000,232750
116,983.611,38.7,819.31,551.406,26.267,16.011,55.62,90.94499358,7607000,230000
117,1002.222,39.55,824.975,568.958,26.477,16.571,55.304,47.06720601,7607000,227250
118,1021.666,40.375,831.352,587.786,26.743,17.15,54.877,21.83316195,7607000,224500
119,1041.111,41.2,839.253,607.615,27.031,17.747,54.372,8.377873319,7607000,221750
120,1059.444,42.05,850.862,628.019,27.221,18.365,53.793,2.254436656,7607000,219000
121,1079.166,42.917,862.75,648.381,27.314,19.004,53.216,0.30556321,7607000,216250
122,1098.611,43.775,874.356,668.462,27.471,19.662,52.624,0.005938562,7607000,213500
123,1118.333,44.7,885.139,688.047,27.755,20.34,52.114,0,7607000,210750
124,1139.444,45.584,895.03,707.426,28.199,21.038,51.665,0,7607000,208000
125,1160.277,46.5,902.082,727.032,28.614,21.755,51.265,0,7607000,205250
126,1182.222,47.384,913.026,747.696,28.998,22.493,50.799,0,7607000,202500
127,1203.611,48.284,924.479,769.62,29.311,23.251,50.295,0,7607000,199750
128,1225.858,49.251,936.128,792.871,29.557,24.032,49.716,0,7607000,197000
129,1248.333,50.217,947.031,817.022,29.733,24.837,49.137,0,7607000,194250
130,1271.111,51.15,957.545,841.694,29.856,25.667,48.571,0,7607000,191500
131,1293.611,52.15,964.11,866.253,30.016,26.521,48.101,0,7607000,188750
132,1316.944,53.117,970.043,890.364,30.249,27.399,47.704,0,7607000,186000
133,1340.833,54.1,975.224,913.709,30.577,28.301,47.376,0,7607000,183250
134,1363.888,55.017,984.822,936.275,30.968,29.226,47.04,0,7607000,180500
135,1388.611,56.05,997.484,958.075,31.324,30.173,46.678,0,7607000,177750
136,1413.333,57.05,1015.39,980.261,31.649,31.142,46.275,0,7607000,175000
137,1437.777,58.05,1033.946,1003.355,31.975,32.134,45.903,0,7607000,172250
138,1463.333,59.15,1053.275,1027.489,32.461,33.15,45.586,0,7607000,169500
139,1490.277,60.25,1068.678,1051.63,32.985,34.189,45.356,0,7607000,166750
140,1516.388,61.35,1080.515,1075.146,33.454,35.253,45.178,0,7607000,164000
141,1543.611,62.417,1086.749,1097.341,33.583,36.339,45.014,0,7607000,161250
142,1571.111,63.484,1093.572,1117.536,33.281,37.446,44.787,0,7607000,158500
143,1599.166,64.584,1099.439,1134.878,31.561,38.572,44.495,0,7607000,155750
